{"lr": 0.02, "data_time": 0.003814363479614258, "loss": 1.7152580142021179, "time": 0.14321839809417725, "epoch": 1, "iter": 69, "memory": 3060, "step": 69}
{"accuracy/top1": 43.13543701171875, "data_time": 0.09148979187011719, "time": 0.12141144976896398, "step": 1}
{"lr": 0.02, "data_time": 0.02389349937438965, "loss": 0.9905896186828613, "time": 0.12178785800933838, "epoch": 2, "iter": 138, "memory": 3060, "step": 138}
{"accuracy/top1": 70.96475219726562, "data_time": 0.07157292630937365, "time": 0.09998424847920735, "step": 2}
{"lr": 0.02, "data_time": 0.03662145137786865, "loss": 0.8941495209932327, "time": 0.13017420768737792, "epoch": 3, "iter": 207, "memory": 3060, "step": 207}
{"accuracy/top1": 76.90167236328125, "data_time": 0.07298517227172852, "time": 0.10139509042104085, "step": 3}
{"lr": 0.02, "data_time": 0.0003708839416503906, "loss": 0.7742574214935303, "time": 0.11222662925720214, "epoch": 4, "iter": 276, "memory": 3060, "step": 276}
{"accuracy/top1": 81.72541809082031, "data_time": 0.07480438550313313, "time": 0.10313255257076687, "step": 4}
{"lr": 0.02, "data_time": 0.027920293807983398, "loss": 0.5772773504257203, "time": 0.12279198169708253, "epoch": 5, "iter": 345, "memory": 3060, "step": 345}
{"accuracy/top1": 83.67346954345703, "data_time": 0.07635192076365153, "time": 0.10465080208248562, "step": 5}
{"lr": 0.02, "data_time": 0.020560598373413085, "loss": 0.6386129021644592, "time": 0.12042121887207032, "epoch": 6, "iter": 414, "memory": 3060, "step": 414}
{"accuracy/top1": 83.02411651611328, "data_time": 0.07278411918216282, "time": 0.10161568058861627, "step": 6}
{"lr": 0.02, "data_time": 0.011184477806091308, "loss": 0.5178617179393769, "time": 0.13088724613189698, "epoch": 7, "iter": 483, "memory": 3060, "step": 483}
{"accuracy/top1": 82.09647369384766, "data_time": 0.07674916585286458, "time": 0.10472745365566677, "step": 7}
{"lr": 0.02, "data_time": 0.011809897422790528, "loss": 0.4432672426104546, "time": 0.12256007194519043, "epoch": 8, "iter": 552, "memory": 3060, "step": 552}
{"accuracy/top1": 86.54916381835938, "data_time": 0.07666891151004368, "time": 0.10498501194847955, "step": 8}
{"lr": 0.02, "data_time": 0.03178336620330811, "loss": 0.5590194344520569, "time": 0.1250885009765625, "epoch": 9, "iter": 621, "memory": 3060, "step": 621}
{"accuracy/top1": 83.58070373535156, "data_time": 0.0702265633477105, "time": 0.09878648651970758, "step": 9}
{"lr": 0.02, "data_time": 0.020351529121398926, "loss": 0.40156067460775374, "time": 0.1258265495300293, "epoch": 10, "iter": 690, "memory": 3060, "step": 690}
{"accuracy/top1": 86.2708740234375, "data_time": 0.07737198140886095, "time": 0.10571849346160889, "step": 10}
{"lr": 0.02, "data_time": 0.03807435035705566, "loss": 0.4301967233419418, "time": 0.1312401533126831, "epoch": 11, "iter": 759, "memory": 3060, "step": 759}
{"accuracy/top1": 86.54916381835938, "data_time": 0.07619571685791016, "time": 0.10471296310424805, "step": 11}
{"lr": 0.02, "data_time": 0.008974432945251465, "loss": 0.43154883235692976, "time": 0.1098323106765747, "epoch": 12, "iter": 828, "memory": 3060, "step": 828}
{"accuracy/top1": 83.67346954345703, "data_time": 0.07458184825049506, "time": 0.10273679097493489, "step": 12}
{"lr": 0.02, "data_time": 0.0051629066467285155, "loss": 0.34307676553726196, "time": 0.12257153987884521, "epoch": 13, "iter": 897, "memory": 3060, "step": 897}
{"accuracy/top1": 88.86827087402344, "data_time": 0.07519014676411946, "time": 0.10353447331322564, "step": 13}
{"lr": 0.02, "data_time": 0.009681415557861329, "loss": 0.27130712270736695, "time": 0.12414131164550782, "epoch": 14, "iter": 966, "memory": 3060, "step": 966}
{"accuracy/top1": 88.12615966796875, "data_time": 0.07913491461012098, "time": 0.10725457138485378, "step": 14}
{"lr": 0.02, "data_time": 0.012608098983764648, "loss": 0.27272162064909933, "time": 0.1338780403137207, "epoch": 15, "iter": 1035, "memory": 3060, "step": 1035}
{"accuracy/top1": 87.7551040649414, "data_time": 0.0773112244076199, "time": 0.10554975933498806, "step": 15}
{"lr": 0.02, "data_time": 0.021248865127563476, "loss": 0.23479687571525573, "time": 0.11453835964202881, "epoch": 16, "iter": 1104, "memory": 3060, "step": 1104}
{"accuracy/top1": 89.51762390136719, "data_time": 0.07935040526919895, "time": 0.1078151994281345, "step": 16}
{"lr": 0.02, "data_time": 0.021631813049316405, "loss": 0.3809626713395119, "time": 0.12071897983551025, "epoch": 17, "iter": 1173, "memory": 3060, "step": 1173}
{"accuracy/top1": 89.42485809326172, "data_time": 0.07565846708085802, "time": 0.10436783896552192, "step": 17}
{"lr": 0.02, "data_time": 0.02625143527984619, "loss": 0.38690116107463834, "time": 0.11964499950408936, "epoch": 18, "iter": 1242, "memory": 3060, "step": 1242}
{"accuracy/top1": 82.18923950195312, "data_time": 0.07376299964057074, "time": 0.10244029098086888, "step": 18}
{"lr": 0.02, "data_time": 0.01596386432647705, "loss": 0.24963395893573762, "time": 0.12501485347747804, "epoch": 19, "iter": 1311, "memory": 3060, "step": 1311}
{"accuracy/top1": 89.14656829833984, "data_time": 0.07672811879052056, "time": 0.10505354404449463, "step": 19}
{"lr": 0.02, "data_time": 0.0049436092376708984, "loss": 0.4942176043987274, "time": 0.11716341972351074, "epoch": 20, "iter": 1380, "memory": 3060, "step": 1380}
{"accuracy/top1": 88.86827087402344, "data_time": 0.07597479555341932, "time": 0.10410571098327637, "step": 20}
{"lr": 0.02, "data_time": 0.028413867950439452, "loss": 0.40124841704964637, "time": 0.12638070583343505, "epoch": 21, "iter": 1449, "memory": 3060, "step": 1449}
{"accuracy/top1": 88.4972152709961, "data_time": 0.0788732369740804, "time": 0.10664795504675971, "step": 21}
{"lr": 0.02, "data_time": 0.0003223896026611328, "loss": 0.28696298897266387, "time": 0.12396645545959473, "epoch": 22, "iter": 1518, "memory": 3060, "step": 1518}
{"accuracy/top1": 87.56957244873047, "data_time": 0.07566993766360813, "time": 0.10402088695102268, "step": 22}
{"lr": 0.02, "data_time": 0.005396842956542969, "loss": 0.275550427287817, "time": 0.12299041748046875, "epoch": 23, "iter": 1587, "memory": 3060, "step": 1587}
{"accuracy/top1": 89.14656829833984, "data_time": 0.07802844047546387, "time": 0.10643196105957031, "step": 23}
{"lr": 0.02, "data_time": 0.0018285274505615234, "loss": 0.28433468788862226, "time": 0.1289151906967163, "epoch": 24, "iter": 1656, "memory": 3060, "step": 1656}
{"accuracy/top1": 89.05380249023438, "data_time": 0.07835132545895046, "time": 0.10664522647857666, "step": 24}
{"lr": 0.02, "data_time": 0.004654622077941895, "loss": 0.19565970227122306, "time": 0.11831166744232177, "epoch": 25, "iter": 1725, "memory": 3060, "step": 1725}
{"accuracy/top1": 90.16697692871094, "data_time": 0.06892314222123888, "time": 0.0972286860148112, "step": 25}
{"lr": 0.02, "data_time": 0.03355703353881836, "loss": 0.3011180967092514, "time": 0.12610039710998536, "epoch": 26, "iter": 1794, "memory": 3060, "step": 1794}
{"accuracy/top1": 89.9814453125, "data_time": 0.07715613312191433, "time": 0.10506806108686659, "step": 26}
{"lr": 0.02, "data_time": 0.02585647106170654, "loss": 0.23507617339491843, "time": 0.1306757688522339, "epoch": 27, "iter": 1863, "memory": 3060, "step": 1863}
{"accuracy/top1": 89.42485809326172, "data_time": 0.07530278629726833, "time": 0.10369348526000977, "step": 27}
{"lr": 0.02, "data_time": 0.010219454765319824, "loss": 0.2320854604244232, "time": 0.12179148197174072, "epoch": 28, "iter": 1932, "memory": 3060, "step": 1932}
{"accuracy/top1": 89.05380249023438, "data_time": 0.07195938958062066, "time": 0.1004648208618164, "step": 28}
{"lr": 0.02, "data_time": 0.014775800704956054, "loss": 0.2288376722484827, "time": 0.1189960241317749, "epoch": 29, "iter": 2001, "memory": 3060, "step": 2001}
{"accuracy/top1": 87.7551040649414, "data_time": 0.07565279801686604, "time": 0.10344926516215007, "step": 29}
{"lr": 0.02, "data_time": 0.031467103958129884, "loss": 0.24867710061371326, "time": 0.12399632930755615,